Chapter,Theme,문제 번호,분류 이유
Chapter 01: 상업 활동,Theme 1: 상업의 중요성,2026.06.05,"상업의 주체인 '대리상'과 '상업사용인'의 특징을 묻는 문제이므로, 상업의 주체를 다루는 '상업의 중요성' 테마에 해당합니다."
Chapter 01: 상업 활동,Theme 1: 상업의 중요성,2026.06.17,"B2C, B2G 등 전자상거래에 참여하는 경제 주체(개인, 기업, 정부)의 역할을 묻고 있어, 상업의 기본 주체와 활동을 다루는 '상업의 중요성' 테마로 분류됩니다."
Chapter 01: 상업 활동,Theme 1: 상업의 중요성,2025.11.02,"상업의 기능 중 운송을 통한 '장소적 불일치 해소'와 금융을 통한 '자금 불일치 해소'를 묻는 문제이므로, '상업의 중요성' 테마에 해당합니다."
Chapter 01: 상업 활동,Theme 1: 상업의 중요성,2025.11.12,"경제 주체인 가계(A), 기업(B), 정부(C)의 역할과 이들 간의 전자상거래 유형(G2C, B2G)을 묻고 있으므로, '상업의 중요성' 테마에 해당합니다."
Chapter 01: 상업 활동,Theme 1: 상업의 중요성,2025.11.16,"지식 재산권의 한 종류인 '저작권'의 침해 사례에 관한 문제이므로, 상업의 객체로서 무형 재화를 다루는 '상업의 중요성' 테마에 해당합니다."
Chapter 01: 상업 활동,Theme 1: 상업의 중요성,2025.06.04,"재화 간의 관계(대체재, 보완재)는 상업 활동의 기본이 되는 수요-공급에 영향을 미치는 요소로, 가장 기본적인 상업 개념을 다루는 '상업의 중요성' 테마에 포함됩니다."
Chapter 01: 상업 활동,Theme 1: 상업의 중요성,2025.06.06,"무형 재화 중 산업 재산권에 속하는 '특허권'의 취득에 대해 묻고 있으므로, '상업의 중요성' 테마에 해당합니다."
Chapter 01: 상업 활동,Theme 1: 상업의 중요성,2024.11.02,"상업의 주체인 '상업사용인'과 '중개인'의 특징(경업금지 의무, 보수 수령 등)을 비교하는 문제이므로, '상업의 중요성' 테마로 분류됩니다."
Chapter 01: 상업 활동,Theme 1: 상업의 중요성,2024.11.12,"타인의 상품과 식별되는 기호, 문자 등에 부여되는 권리인 '상표권'에 대해 묻고 있으므로, 상업의 객체(지식 재산권)를 다루는 '상업의 중요성' 테마에 해당합니다."
Chapter 01: 상업 활동,Theme 1: 상업의 중요성,2024.09.01,"화폐의 기능 중 상품의 가격을 표시하는 '가치 척도 수단'으로서의 기능을 묻고 있어, 상거래의 기본 개념을 다루는 '상업의 중요성' 테마에 속합니다."
Chapter 01: 상업 활동,Theme 1: 상업의 중요성,2024.09.02,"상업의 객체 중 화물에 대한 권리를 나타내는 유가증권인 '창고증권'과 '선하증권' (상품 증권)에 대해 묻고 있으므로, '상업의 객체'를 다루는 테마에 해당합니다."
Chapter 01: 상업 활동,Theme 1: 상업의 중요성,2024.09.04,"국민 경제의 주체인 '가계, 기업, 정부'의 특징과 역할을 구분하는 문제이므로, '상업의 중요성' 테마에 속합니다."
Chapter 01: 상업 활동,Theme 1: 상업의 중요성,2024.09.17,"여러 대안 중 하나를 선택할 때 포기하는 가치인 '기회비용(암묵적 비용, 명시적 비용)'을 계산하는 문제이므로, '합리적 선택'을 다루는 '상업의 중요성' 테마에 해당합니다."
Chapter 01: 상업 활동,Theme 1: 상업의 중요성,2024.06.01,"대출을 통해 창업 자금을 마련하는 사례에서 나타난 '자금 불일치 해소 기능'을 묻고 있으므로, '상업의 기능'을 다루는 '상업의 중요성' 테마에 속합니다."
Chapter 01: 상업 활동,Theme 1: 상업의 중요성,2024.06.06,"특정 상인에게 종속되어 영업 활동을 보조하는 '상업 사용인'의 특징과 의무를 묻는 문제이므로, '상업의 주체'를 다루는 '상업의 중요성' 테마에 해당합니다."
Chapter 01: 상업 활동,Theme 1: 상업의 중요성,2023.11.01,"대가 없이 얻을 수 있는 '자유재'였던 공기가 상품화되어 가치를 지불해야 하는 '경제재'로 성격이 변화한 사례를 묻고 있으므로, '상업의 객체'에 대한 기본적인 이해를 다루는 '상업의 중요성' 테마에 해당합니다."
Chapter 01: 상업 활동,Theme 1: 상업의 중요성,2023.11.02,"객주의 활동 사례를 통해 상업의 기능인 소유권 이전(매매), 보관(시간적 불일치 해소), 운송(장소적 불일치 해소), 금융(자금 융통)을 파악하는 문제이므로, '상업의 기능'을 다루는 '상업의 중요성' 테마에 해당합니다."
Chapter 01: 상업 활동,Theme 1: 상업의 중요성,2023.11.06,"상업의 주체인 '대리상'(보조 상인)과 '지배인'(상업 사용인)의 공통점(경업 금지 의무)을 묻는 문제이므로, '상업의 주체'를 다루는 '상업의 중요성' 테마에 해당합니다."
Chapter 01: 상업 활동,Theme 1: 상업의 중요성,2023.09.02,"국민 경제를 구성하는 '가계, 기업, 정부'의 역할을 묻는 문제이므로, '상업의 중요성' 테마에 속합니다."
Chapter 01: 상업 활동,Theme 1: 상업의 중요성,2023.09.05,"창업 시 발생하는 비용을 '명시적 비용'과 '암묵적 비용'으로 구분하여 기회비용을 계산하는 문제이므로, '합리적 선택'을 다루는 '상업의 중요성' 테마에 해당합니다."
Chapter 01: 상업 활동,Theme 1: 상업의 중요성,2023.09.08,"상품을 매매하고(인적 불일치 해소) 창고에 보관하는(시간적 불일치 해소) 사례를 통해 '상업의 기능'을 묻고 있으므로, 해당 테마에 속합니다."
Chapter 01: 상업 활동,Theme 1: 상업의 중요성,2023.06.02,"보조 상인인 '대리상, 운송 주선인, 위탁 매매인'의 특징을 비교하고 구분하는 문제이므로, '상업의 주체'를 다루는 '상업의 중요성' 테마에 해당합니다."
Chapter 01: 상업 활동,Theme 1: 상업의 중요성,2023.06.06,"지식 재산권 중 기존 기술을 실용적으로 개선한 발명에 부여되는 '실용 신안권'을 묻고 있으므로, 상업의 객체를 다루는 '상업의 중요성' 테마에 해당합니다."
Chapter 01: 상업 활동,Theme 1: 상업의 중요성,2022.11.01,"은행 대출을 통해 필요한 자금을 마련하는 사례는 '자금 융통 기능'에 해당하며, 이는 상업의 보조적 기능 중 하나이므로 해당 테마에 속합니다."
Chapter 01: 상업 활동,Theme 1: 상업의 중요성,2022.11.05,"창업 시 발생하는 비용과 포기하는 소득을 바탕으로 '기회비용'을 계산하는 문제이므로, '합리적 선택'을 다루는 테마에 해당합니다."
Chapter 01: 상업 활동,Theme 1: 상업의 중요성,2022.11.11,"정부가 국민에게 민원 서비스를 제공하는 '정부24' 포털은 'G2C(Government-to-Citizen)' 전자상거래 유형에 해당하며, 이는 경제 주체 간의 상거래를 다루므로 해당 테마에 속합니다."
Chapter 01: 상업 활동,Theme 1: 상업의 중요성,2022.11.15,"쌀가게 직원(상업 사용인)에서 가게를 인수하여 '자영 상인'이 되는 과정과 무형 재화인 '권리금'(영업권)에 대해 다루고 있으므로, '상업의 주체'와 '상업의 객체'를 포괄하는 해당 테마로 분류됩니다."
Chapter 01: 상업 활동,Theme 1: 상업의 중요성,2022.09.01,"천연 다이아몬드를 인공 다이아몬드로 대체하는 것은 '대체재'의 사례이므로, 재화의 관계를 다루는 '상업의 중요성' 테마에 속합니다."
Chapter 01: 상업 활동,Theme 1: 상업의 중요성,2022.09.04,"특정 상인을 계속적으로 대리하는 '대리상'의 의무와 특징을 묻는 문제이므로, '상업의 주체'(보조 상인)를 다루는 테마에 해당합니다."
Chapter 01: 상업 활동,Theme 1: 상업의 중요성,2022.09.11,"산업 재산권인 '특허권'과 '실용신안권'의 존속 기간 및 특징을 비교하는 문제이므로, 상업의 객체(지식 재산권)를 다루는 테마에 해당합니다."
Chapter 01: 상업 활동,Theme 1: 상업의 중요성,2022.06.02,"동일한 비용으로 가장 큰 만족(효용)을 얻으려는 '최대 효과의 원칙'을 묻고 있으므로, '합리적 선택'을 다루는 테마에 해당합니다."
Chapter 01: 상업 활동,Theme 1: 상업의 중요성,2022.06.14,"불공정한 거래 행위를 규제하는 '공정거래위원회'의 역할을 묻고 있으며, 이는 건전한 상거래 질서를 유지하는 상업 조성 기관에 대한 내용으로, 상업의 전반적인 중요성을 다루는 해당 테마에 속합니다."
Chapter 01: 상업 활동,Theme 1: 상업의 중요성,2021.11.01,"행상이 여러 지역을 돌아다니며 물건을 판매하는 활동은 생산자와 소비자의 인적 불일치를 해소하는 '소유권 이전 기능'에 해당합니다."
Chapter 01: 상업 활동,Theme 1: 상업의 중요성,2021.11.08,"본인의 허락 없이 동종 영업을 할 수 없는 경업 금지 의무는 '대리상'과 '상업 사용인'에게 공통으로 적용되므로, '상업의 주체'를 다루는 테마에 해당합니다."
Chapter 01: 상업 활동,Theme 1: 상업의 중요성,2021.09.20,"상업의 주체('상업 사용인')와 객체('실용신안권', '선하증권')에 대한 종합적인 이해를 묻는 문제이므로, 해당 테마에 속합니다."
Chapter 01: 상업 활동,Theme 1: 상업의 중요성,2021.06.14,"자동차 수요에 영향을 미치는 요인(소득, 보완재 가격)을 통해 수요 곡선의 이동을 분석하는 문제로, 상거래의 기본 원리를 다루므로 해당 테마에 속합니다."
Chapter 01: 상업 활동,Theme 1: 상업의 중요성,2021.06.15,"상업의 객체인 무형 재화 '영업권(권리금)'과 상품의 종류인 '전문품'을 구분하는 문제이므로, '상업의 객체'를 다루는 테마에 해당합니다."
Chapter 01: 상업 활동,"Theme 2: 산업 구조, 경제 발전과 환경",2026.06.01,"유해 폐기물의 국가 간 이동을 규제하는 '바젤 협약'에 대해 묻고 있으므로, '국제 환경 협약'을 다루는 테마에 해당합니다."
Chapter 01: 상업 활동,"Theme 2: 산업 구조, 경제 발전과 환경",2026.06.04,"주어진 자료를 바탕으로 명목 GDP와 실질 GDP, 경제 성장률을 계산하고 비교하는 문제이므로, '경제 발전과 경제 지표' 테마에 해당합니다."
Chapter 01: 상업 활동,"Theme 2: 산업 구조, 경제 발전과 환경",2025.11.05,"노동 가능 인구, 경제 활동 인구, 고용률, 실업률 등 '고용 관련 지표'를 계산하고 분석하는 문제이므로, '경제 발전과 경제 지표' 테마에 해당합니다."
Chapter 01: 상업 활동,"Theme 2: 산업 구조, 경제 발전과 환경",2025.06.09,"경제 활동 참가율, 실업률, 고용률 등 '고용 관련 지표'를 계산하고 비교하는 문제이므로, '경제 발전과 경제 지표' 테마에 해당합니다."
Chapter 01: 상업 활동,"Theme 2: 산업 구조, 경제 발전과 환경",2024.06.04,"주어진 자료를 바탕으로 기준 연도와 비교 연도의 실질 GDP를 계산하여 '경제 성장률'을 구하는 문제이므로, '경제 발전과 경제 지표' 테마에 해당합니다."
Chapter 01: 상업 활동,"Theme 2: 산업 구조, 경제 발전과 환경",2023.09.01,"멸종 위기 양서류 보호 활동과 관련된 '생물 다양성 협약'에 대해 묻는 문제이므로, '국제 환경 협약'을 다루는 테마에 해당합니다."
Chapter 01: 상업 활동,"Theme 2: 산업 구조, 경제 발전과 환경",2023.06.01,"지구 온난화의 원인인 온실가스 감축을 목표로 하는 '파리 협정'에 대해 묻는 문제이므로, '국제 환경 협약'을 다루는 테마에 해당합니다."
Chapter 01: 상업 활동,"Theme 2: 산업 구조, 경제 발전과 환경",2022.11.10,"명목 GDP와 실질 GDP를 구분하고 '경제 성장률'을 계산하는 문제이므로, '경제 발전과 경제 지표'를 다루는 테마에 해당합니다."
Chapter 01: 상업 활동,"Theme 2: 산업 구조, 경제 발전과 환경",2022.06.01,"국가 온실가스 감축 목표 달성을 위한 실천 방안을 묻고 있으며, 이는 기후 변화 대응과 관련된 내용이므로 '국제 환경 협약' 테마에 속합니다."
Chapter 01: 상업 활동,"Theme 2: 산업 구조, 경제 발전과 환경",2021.09.01,"유해 폐기물의 국가 간 이전을 통제하는 '바젤 협약'에 대해 묻고 있으므로, '국제 환경 협약'을 다루는 테마에 해당합니다."
Chapter 01: 상업 활동,Theme 3: 매매 활동과 지급 수단,2026.06.08,"지급 수단인 '어음'(기업 어음, 상업 어음)의 공통적인 특징을 묻고 있으므로, '매매 활동과 지급 수단' 테마에 해당합니다."
Chapter 01: 상업 활동,Theme 3: 매매 활동과 지급 수단,2026.06.16,"경쟁 매매의 한 종류인 '경매매'의 특징을 묻는 문제이므로, '매매의 종류'를 다루는 테마에 해당합니다."
Chapter 01: 상업 활동,Theme 3: 매매 활동과 지급 수단,2025.11.04,"경쟁 매매 방식인 '경매', '경매매', '입찰 판매'를 구분하고 그 특징을 비교하는 문제이므로, '매매의 종류'를 다루는 테마에 해당합니다."
Chapter 01: 상업 활동,Theme 3: 매매 활동과 지급 수단,2025.09.16,"판매를 목적으로 상품을 사들이는 '매입의 절차' 중 특정 단계의 활동을 묻고 있으므로, '매입 방법'을 다루는 테마에 해당합니다."
Chapter 01: 상업 활동,Theme 3: 매매 활동과 지급 수단,2025.06.08,"매입 가격, 매입 제비용, 영업비, 이익 등으로 구성된 '판매 가격의 구성' 요소를 계산하는 문제이므로, '판매 가격의 구성'을 다루는 테마에 해당합니다."
Chapter 01: 상업 활동,Theme 3: 매매 활동과 지급 수단,2025.06.10,"'매입 방법'(대량 매입과 소량 매입) 변경에 따른 재고, 보관 비용, 상품 회전율의 변화를 묻고 있으므로, '매입 방법'을 다루는 테마에 해당합니다."
Chapter 01: 상업 활동,Theme 3: 매매 활동과 지급 수단,2025.06.11,"'경쟁 매매 방식'(경매매, 입찰)의 공통점을 묻는 문제이므로, '매매의 종류'를 다루는 테마에 해당합니다."
Chapter 01: 상업 활동,Theme 3: 매매 활동과 지급 수단,2025.06.17,"온라인 고객 관리, 맞춤형 판매, 방문 판매 등 다양한 '판매 활동'의 사례를 통해 상업의 기능을 묻고 있으므로, '매매 활동'을 다루는 테마에 해당합니다."
Chapter 01: 상업 활동,Theme 3: 매매 활동과 지급 수단,2024.11.03,"지급 수단인 '약속어음'과 '환어음'을 발행하는 사례를 통해 두 어음의 공통점(지급 위탁)을 묻고 있으므로, '지급 수단'을 다루는 테마에 해당합니다."
Chapter 01: 상업 활동,Theme 3: 매매 활동과 지급 수단,2024.09.05,"판매 가격, 매입 원가, 영업비 등을 바탕으로 '판매 가격의 구성' 요소와 이익률 변화를 계산하는 문제이므로, 해당 테마에 속합니다."
Chapter 01: 상업 활동,Theme 3: 매매 활동과 지급 수단,2024.09.13,"매장 판매의 단계별 업무 중 고객에게 상품의 특징을 설명하고 제시하는 '상품 제안' 단계를 묻고 있으므로, '매매 활동'을 다루는 테마에 해당합니다."
Chapter 01: 상업 활동,Theme 3: 매매 활동과 지급 수단,2024.09.16,"경쟁 매매 방식 중 서면으로 가격을 제출받아 거래하는 '입찰'에 대해 묻고 있으므로, '매매의 종류'를 다루는 테마에 해당합니다."
Chapter 01: 상업 활동,Theme 3: 매매 활동과 지급 수단,2024.06.07,"'방문 판매' 절차 중 상품 제안 단계에서의 적절한 고객 응대 표현을 묻는 문제이므로, '매매 활동'을 다루는 테마에 해당합니다."
Chapter 01: 상업 활동,Theme 3: 매매 활동과 지급 수단,2024.06.13,"창고증권(상업 객체)을 교부받고, 상품의 매입 원가와 영업비, 판매 가격을 바탕으로 이익률을 계산하는 문제이므로, '판매 가격 구성'을 다루는 테마에 해당합니다."
Chapter 01: 상업 활동,Theme 3: 매매 활동과 지급 수단,2023.11.07,"판매 방식 중 '무점포 판매'(인터넷 쇼핑몰)와 '방문 판매'의 특징을 비교하는 문제이므로, '매매 활동'을 다루는 테마에 해당합니다."
Chapter 01: 상업 활동,Theme 3: 매매 활동과 지급 수단,2023.11.12,"'매입 방법'인 '포전매매(입도선매)'와 '당용매입(소량 매입)'의 특징을 비교하는 문제이므로, 해당 테마에 속합니다."
Chapter 01: 상업 활동,Theme 3: 매매 활동과 지급 수단,2023.11.13,"'판매 가격의 구성' 요소인 매입 원가, 판매 가격, 영업비, 이익 등을 계산하고 이익률, 판매 원가 비중의 변화를 분석하는 문제이므로, 해당 테마에 속합니다."
Chapter 01: 상업 활동,Theme 3: 매매 활동과 지급 수단,2023.09.06,"금전 증권의 하나이며 만기에 부도 가능성이 있는 지급 수단인 '어음'에 대해 묻고 있으므로, '지급 수단'을 다루는 테마에 해당합니다."
Chapter 01: 상업 활동,Theme 3: 매매 활동과 지급 수단,2023.09.07,"수산물 시장에서 손동작으로 가격을 제시하며 매매하는 '경매' 방식에 대해 묻고 있으므로, '매매의 종류'를 다루는 테마에 해당합니다."
Chapter 01: 상업 활동,Theme 3: 매매 활동과 지급 수단,2023.06.14,"'방문 판매' 절차 중 고객의 반론에 대응하는 단계를 묻고 있으므로, '매매 활동'을 다루는 테마에 해당합니다."
Chapter 01: 상업 활동,Theme 3: 매매 활동과 지급 수단,2023.06.18,"매입 원가, 판매 원가, 이익, 이익률 등 '판매 가격의 구성' 요소를 계산하고 분석하는 문제이므로, 해당 테마에 속합니다."
Chapter 01: 상업 활동,Theme 3: 매매 활동과 지급 수단,2022.11.02,"'환어음'과 '당좌수표'는 모두 발행인이 제3자에게 지급을 위탁하는 지급 수단이므로, '지급 수단'을 다루는 테마에 해당합니다."
Chapter 01: 상업 활동,Theme 3: 매매 활동과 지급 수단,2022.11.18,"'매입 방법' 중 한꺼번에 많은 양을 사는 '대량 매입'과 매일 필요한 양만 사는 '당용 매입'의 장단점을 비교하는 문제이므로, 해당 테마에 속합니다."
Chapter 01: 상업 활동,Theme 3: 매매 활동과 지급 수단,2022.09.14,"매입 가격, 운송비, 인건비, 광고료, 이익을 바탕으로 '판매 가격의 구성'과 판매 원가, 이익 등을 계산하는 문제이므로 해당 테마에 속합니다."
Chapter 01: 상업 활동,Theme 3: 매매 활동과 지급 수단,2022.09.16,"도매시장의 '경매'와 구청의 '입찰 판매'라는 '경쟁 매매' 방식의 특징을 비교하는 문제이므로 해당 테마에 속합니다."
Chapter 01: 상업 활동,Theme 3: 매매 활동과 지급 수단,2022.06.04,"판매원이 소비자를 직접 찾아가서 판매하는 '방문 판매' 방식의 특징을 묻고 있으므로, '매매 활동'을 다루는 테마에 해당합니다."
Chapter 01: 상업 활동,Theme 3: 매매 활동과 지급 수단,2022.06.07,"'경쟁 매매' 방식 중 여러 구단이 최고 이적료를 제시하는 '입찰'에 대해 묻고 있으므로, 해당 테마에 속합니다."
Chapter 01: 상업 활동,Theme 3: 매매 활동과 지급 수단,2022.06.10,"매장 판매 절차 중 고객의 니즈를 파악하여 맞춤형 상품을 제시하는 단계를 묻고 있으므로, '매매 활동'을 다루는 테마에 해당합니다."
Chapter 01: 상업 활동,Theme 3: 매매 활동과 지급 수단,2021.11.05,"신용카드(후급), 직불카드(즉시 지급), 약속어음(부도 가능성), 자기앞수표(은행 발행) 등 다양한 '지급 수단'의 특징을 비교하는 문제이므로, 해당 테마에 속합니다."
Chapter 01: 상업 활동,Theme 3: 매매 활동과 지급 수단,2021.11.07,"'방문 판매', '전자 상거래', '매장 판매' 등 다양한 판매 방식의 특징을 비교하는 문제이므로, '매매 활동'을 다루는 테마에 해당합니다."
Chapter 01: 상업 활동,Theme 3: 매매 활동과 지급 수단,2021.09.13,"'당좌수표' 발행 시 당좌예금 잔액과 당좌차월 약정 한도를 고려하는 문제이므로, '지급 수단'을 다루는 테마에 해당합니다."
Chapter 01: 상업 활동,Theme 3: 매매 활동과 지급 수단,2021.09.17,"매장 판매, 방문 판매, 인터넷 판매 등 다양한 '판매 방식'의 특징을 비교하는 문제이므로, '매매 활동'을 다루는 테마에 해당합니다."
Chapter 01: 상업 활동,Theme 3: 매매 활동과 지급 수단,2021.06.01,"농수산물 도매 시장에서 이루어지는 '경매'의 특징을 묻는 문제이므로, '매매의 종류'를 다루는 테마에 해당합니다."
Chapter 01: 상업 활동,Theme 3: 매매 활동과 지급 수단,2021.06.17,"'매입 방법'을 대량 구입에서 당일 필요한 양만 구입하는 방식으로 변경했을 때의 효과를 묻고 있으므로, 해당 테마에 속합니다."
Chapter 01: 상업 활동,Theme 4: 유통 관리,2025.09.08,"'유통 경로 정책'이 개방적 유통 경로에서 선택적 유통 경로로 변경될 때 나타나는 현상을 묻고 있으므로, '유통 관리' 테마에 해당합니다."
Chapter 01: 상업 활동,Theme 4: 유통 관리,2024.11.19,"수집, 중계, 분산 기관의 존재 여부에 따라 '유통 경로'의 유형을 구분하는 문제이므로, '유통 경로'를 다루는 테마에 해당합니다."
Chapter 01: 상업 활동,Theme 4: 유통 관리,2024.09.12,"독점적 판매권을 부여하는 '전속적 유통 경로'에서 모든 점포에 판매를 허용하는 '개방적 유통 경로'로 변경하는 사례를 통해 '유통 경로 정책'을 묻고 있으므로, 해당 테마에 속합니다."
Chapter 01: 상업 활동,Theme 4: 유통 관리,2022.06.16,"독점적 판매권을 부여하는 '전속적 유통 경로'에서 모든 소매점에 판매를 허용하는 '개방적 유통 경로'로 변경할 때의 효과를 묻고 있으므로, '유통 경로 정책'을 다루는 테마에 해당합니다."
Chapter 01: 상업 활동,Theme 4: 유통 관리,2021.09.04,"'유통 경로 정책'을 독점적 판매권을 부여하는 방식에서 모든 소매상에게 공급하는 방식으로 변경하는 사례를 묻고 있으므로, 해당 테마에 속합니다."
Chapter 02: 기업 활동,"Theme 1: 기업 역할과 분류","2026.06.10","기업 집중 형태인 '카르텔'과 '트러스트'의 특징을 비교하고, 경영 전략 변경에 따른 활동을 묻고 있으므로, '기업의 결합'을 다루는 테마에 해당합니다."
Chapter 02: 기업 활동,"Theme 1: 기업 역할과 분류","2025.06.01","이윤 극대화를 목적으로 하는 경제 주체(기업)의 역할 중 '일자리 창출'에 대해 묻고 있으므로, '기업의 역할'을 다루는 테마에 해당합니다."
Chapter 02: 기업 활동,"Theme 1: 기업 역할과 분류","2025.06.02","기업 집중 형태 중 법률적·경제적 독립성을 모두 상실하는 '트러스트'의 특징을 묻고 있으므로, '기업의 결합'을 다루는 테마에 해당합니다."
Chapter 02: 기업 활동,"Theme 1: 기업 역할과 분류","2024.11.05","일자리 창출(경제적 책임), 계약 준수(법률적 책임), 장학사업(자선적 책임) 등 기업의 '사회적 책임(CSR)'을 묻는 문제로, 이는 기업의 역할을 다루는 테마에 포함됩니다."
Chapter 02: 기업 활동,"Theme 1: 기업 역할과 분류","2023.11.19","기업이 공익 단체에 기부하는 활동은 '자선적 책임'에 해당하며, 이는 기업의 '사회적 책임(CSR)'의 한 영역이므로 해당 테마에 속합니다."
Chapter 02: 기업 활동,"Theme 1: 기업 역할과 분류","2023.06.17","기업이 소외 계층을 위해 기부하는 활동은 '자선적 책임'에 해당하며, 이는 '기업의 사회적 책임(CSR)'의 한 영역이므로 해당 테마에 속합니다."
Chapter 02: 기업 활동,"Theme 1: 기업 역할과 분류","2021.11.14","기업의 사회적 책임 중 이윤 확보를 통해 주주의 이익을 실현하는 '경제적 책임'에 대한 문제입니다."
Chapter 02: 기업 활동,"Theme 1: 기업 역할과 분류","2021.09.12","기업이 대학에 발전 기금을 기부하는 것은 '자선적 책임'에 해당하며, 이는 기업의 사회적 책임을 다루는 테마에 속합니다."
Chapter 02: 기업 활동,"Theme 1: 기업 역할과 분류","2021.06.02","기업이 부품 국산화를 통해 원가를 절감하고 이윤을 확대하는 것은 '경제적 책임'에 해당하므로, 기업의 사회적 책임을 다루는 해당 테마에 속합니다."
Chapter 02: 기업 활동,"Theme 2: 경영 관리","2026.06.14","'기능식 조직'의 단점을 보완하고, 구성원이 두 부서에 동시에 소속되는 '매트릭스 조직'으로의 개편을 다루고 있으므로, '조직의 형태'를 다루는 테마에 해당합니다."
Chapter 02: 기업 활동,"Theme 2: 경영 관리","2025.06.05","경영 관리 순환 과정(통제, 지휘), 조직 개편(매트릭스 조직), 경영 혁신(인력 규모 축소) 등 전반적인 '경영 관리' 활동에 대해 묻고 있으므로, 해당 테마로 분류됩니다."
Chapter 02: 기업 활동,"Theme 2: 경영 관리","2024.11.08","'경영 관리 순환 과정'인 계획(C), 조직(B), 지휘(D), 통제(A)의 각 단계별 활동 사례를 구분하는 문제이므로, 해당 테마에 속합니다."
Chapter 02: 기업 활동,"Theme 2: 경영 관리","2024.09.08","'라인 조직'에서 참모(스태프)를 추가한 '라인-스태프 조직'으로의 변경에 따른 장점을 묻고 있으므로, '조직의 형태'를 다루는 테마에 해당합니다."
Chapter 02: 기업 활동,"Theme 2: 경영 관리","2024.06.14","경영 관리 순환 과정 중 리더십 강화, 의사소통, 동기 부여 등의 활동이 포함되는 '지휘' 과정을 묻는 문제이므로, 해당 테마에 속합니다."
Chapter 02: 기업 활동,"Theme 2: 경영 관리","2023.09.15","경영 목표 설정(계획), 조직 구조 개편(조직), 동기 부여(지휘), 실적 분석(통제) 등 '경영 관리 순환 과정'의 순서를 배열하는 문제이므로, 해당 테마에 속합니다."
Chapter 02: 기업 활동,"Theme 2: 경영 관리","2023.09.17","기업의 경영 환경과 '기능식 조직', '매트릭스 조직' 등 조직 구조에 대해 묻고 있으므로, '경영 관리' 테마에 속합니다."
Chapter 02: 기업 활동,"Theme 2: 경영 관리","2023.06.05","현재의 기능식 조직을 보완하기 위해 임시 조직인 '프로젝트 조직'을 운영하는 사례를 통해 조직 형태의 특징을 묻고 있으므로, '조직의 형태'를 다루는 테마에 해당합니다."
Chapter 02: 기업 활동,"Theme 2: 경영 관리","2022.11.04","기존 조직에 전문 인력으로 구성된 기획조정실을 추가하는 '라인-스태프 조직'으로의 개편을 묻고 있으므로, '조직의 형태'를 다루는 테마에 해당합니다."
Chapter 02: 기업 활동,"Theme 2: 경영 관리","2022.09.02","한 직원이 부서와 프로젝트팀에 동시에 소속되어 업무를 수행하는 '매트릭스 조직'의 사례를 묻고 있으므로, '조직의 형태'를 다루는 테마에 해당합니다."
Chapter 02: 기업 활동,"Theme 2: 경영 관리","2022.06.19","특정 과제 해결을 위해 임시로 구성되었다가 해체되는 '프로젝트 조직'의 특징을 묻고 있으므로, '조직의 형태'를 다루는 테마에 해당합니다."
Chapter 02: 기업 활동,"Theme 2: 경영 관리","2021.11.04","기능별 조직에 프로젝트 조직을 결합한 '매트릭스 조직'의 특징(통합적 협력, 탄력적 인력 운용)을 묻고 있으므로, '조직의 형태'를 다루는 테마에 해당합니다."
Chapter 02: 기업 활동,"Theme 2: 경영 관리","2021.09.10","수직적 명령 체계를 가진 '라인 조직'에 전문성을 지닌 참모(스태프)를 추가한 '라인-스태프 조직'으로 개편하는 사례를 묻고 있으므로, '조직의 형태'를 다루는 테마에 해당합니다."
Chapter 02: 기업 활동,"Theme 2: 경영 관리","2021.06.16","책임 경영과 부문 간 경쟁 유도를 위해 지역별, 제품별로 조직을 구성하는 '사업부제 조직'의 특징을 묻고 있으므로, '조직의 형태'를 다루는 테마에 해당합니다."
Chapter 02: 기업 활동,"Theme 3: 기업의 부문별 활동과 경영 혁신","2025.11.06","'경영 혁신 기법' 중 조직의 효율성을 높이기 위해 부서 통합, 직무 체계 축소 등을 하는 '다운사이징'에 대해 묻고 있으므로, 해당 테마에 속합니다."
Chapter 02: 기업 활동,"Theme 3: 기업의 부문별 활동과 경영 혁신","2025.09.02","'경영 혁신 기법' 중 선진 기업의 성공 요인을 분석하여 자사에 적용하는 '벤치마킹' 사례를 묻고 있으므로, 해당 테마에 속합니다."
Chapter 02: 기업 활동,"Theme 3: 기업의 부문별 활동과 경영 혁신","2025.09.06","기업의 부문별 활동 중 급여 계산, 4대 보험 관리 등 '인적 자원 관리'의 세부 능력 단위를 묻고 있으므로, 해당 테마에 속합니다."
Chapter 02: 기업 활동,"Theme 3: 기업의 부문별 활동과 경영 혁신","2024.11.11","기업의 특정 업무를 외부 전문 업체에 위탁하는 '아웃소싱' 기법에 대해 묻고 있으므로, '경영 혁신'을 다루는 테마에 해당합니다."
Chapter 02: 기업 활동,"Theme 3: 기업의 부문별 활동과 경영 혁신","2024.09.03","설문 결과를 통해 개선이 시급한 관리 활동(재무 관리, 생산 관리, 회계 정보 관리, 인적 자원 관리)을 파악하는 문제로, '기업의 부문별 활동'을 다루는 테마에 해당합니다."
Chapter 02: 기업 활동,"Theme 3: 기업의 부문별 활동과 경영 혁신","2024.06.02","'경영 혁신 기법' 중 여러 기업이 상호 협력 관계를 형성하여 경쟁 우위를 확보하는 '전략적 제휴'에 대해 묻고 있으므로, 해당 테마에 속합니다."
Chapter 02: 기업 활동,"Theme 3: 기업의 부문별 활동과 경영 혁신","2024.06.03","재무제표 작성, 계정 과목별 명세서 작성 등 '회계 정보 관리' 부문의 업무를 묻는 문제이므로, '기업의 부문별 활동'을 다루는 테마에 해당합니다."
Chapter 02: 기업 활동,"Theme 3: 기업의 부문별 활동과 경영 혁신","2023.11.03","공장 자동화, 효율적 설비 배치, 품질 관리 등 '생산 관리' 부문의 업무를 묻는 문제이므로, 해당 테마에 속합니다."
Chapter 02: 기업 활동,"Theme 3: 기업의 부문별 활동과 경영 혁신","2023.11.16","경영 환경 악화에 대응하여 인력 축소, 부서 통폐합 등을 실시하는 '다운사이징' 기법에 대해 묻고 있으므로, '경영 혁신'을 다루는 테마에 해당합니다."
Chapter 02: 기업 활동,"Theme 3: 기업의 부문별 활동과 경영 혁신","2023.09.13","신사업 진출을 위해 다른 업체를 인수·합병(M&A)하는 것은 사업 재구축의 일환으로 '리스트럭처링'에 해당하므로, '경영 혁신'을 다루는 테마에 속합니다."
Chapter 02: 기업 활동,"Theme 3: 기업의 부문별 활동과 경영 혁신","2022.11.06","다른 성공 사례를 비교·분석하여 장점을 활용하는 '벤치마킹' 기법에 대해 묻고 있으므로, '경영 혁신'을 다루는 테마에 해당합니다."
Chapter 02: 기업 활동,"Theme 3: 기업의 부문별 활동과 경영 혁신","2022.11.16","재고 파악, 장부 작성 등 '회계 정보 관리' 부문의 활동을 묻는 문제이므로, 해당 테마에 속합니다."
Chapter 02: 기업 활동,"Theme 3: 기업의 부문별 활동과 경영 혁신","2022.06.06","제품 불량률을 획기적으로 낮추기 위해 도입하는 품질 관리 기법인 '6시그마'에 대해 묻고 있으므로, '경영 혁신'을 다루는 테마에 해당합니다."
Chapter 02: 기업 활동,"Theme 3: 기업의 부문별 활동과 경영 혁신","2021.11.11","직원의 교육 훈련과 보상 관리를 담당하는 '인적 자원 관리' 부문에 대해 묻는 문제이므로, 해당 테마에 속합니다."
Chapter 02: 기업 활동,"Theme 3: 기업의 부문별 활동과 경영 혁신","2021.09.02","신규 인력 채용, 교육 훈련, 복리 후생 등 '인적 자원 관리' 부문의 업무를 묻고 있으므로, 해당 테마에 속합니다."
Chapter 02: 기업 활동,"Theme 3: 기업의 부문별 활동과 경영 혁신","2021.06.03","기업의 특정 업무(고객 상담)를 외부 전문 기업에 위탁하는 '아웃소싱' 기법에 대해 묻고 있으므로, '경영 혁신'을 다루는 테마에 해당합니다."
Chapter 02: 기업 활동,"Theme 3: 기업의 부문별 활동과 경영 혁신","2021.06.19","'6시그마' 기법을 활용한 문제 해결 및 개발 역량 강화 교육을 다루고 있으며, 이는 '생산 관리'(품질 관리)의 일부이므로 해당 테마에 속합니다."
Chapter 02: 기업 활동,"Theme 4: 마케팅","2026.06.09","기업의 내·외부 환경을 분석하여 전략을 수립하는 'SWOT 분석' 기법에 대해 묻고 있으므로, '마케팅 전략'을 다루는 테마에 해당합니다."
Chapter 02: 기업 활동,"Theme 4: 마케팅","2025.11.07","마케팅 전략 수립 과정(STP 전략, 4P 믹스 전략) 전반에 대한 이해를 묻는 문제이므로, '마케팅' 테마에 해당합니다."
Chapter 02: 기업 활동,"Theme 4: 마케팅","2025.11.11","1인 가구 증가, 식생활 가치관 변화 등 기업의 경영 활동에 영향을 미치는 '사회·문화적 환경'에 대해 묻고 있으며, 이는 마케팅 환경 분석의 일부이므로, '마케팅' 테마에 해당합니다."
Chapter 02: 기업 활동,"Theme 4: 마케팅","2025.09.07","고객 정보를 활용하여 맞춤형 서비스를 제공하고, 고객과의 관계를 강화하는 '고객 관계 관리(CRM)' 기법을 묻고 있으므로, '마케팅' 테마에 해당합니다."
Chapter 02: 기업 활동,"Theme 4: 마케팅","2025.09.13","'SWOT 분석'을 바탕으로 '마케팅 믹스(4P) 전략'을 수립하고, 이를 해외 시장 진출 전략(국제 프랜차이징)과 연계하는 문제이므로, '마케팅' 테마에 해당합니다."
Chapter 02: 기업 활동,"Theme 4: 마케팅","2025.06.18","시장 세분화, 표적 시장 선정(Targeting), 포지셔닝(Positioning)으로 이어지는 'STP 전략'과 유통, 촉진 등 '마케팅 믹스(4P) 전략'을 묻고 있으므로, '마케팅' 테마에 해당합니다."
Chapter 02: 기업 활동,"Theme 4: 마케팅","2024.11.06","점두 광고, 단수 가격 정책, 판매 촉진(스탬프 쿠폰) 등 '마케팅 믹스(4P)'의 요소를 묻는 문제이므로, 해당 테마에 속합니다."
Chapter 02: 기업 활동,"Theme 4: 마케팅","2024.11.07","고객 정보를 시스템에 등록하여 맞춤형 문자 서비스를 제공하는 '고객 관계 관리(CRM)'를 묻고 있으므로, '마케팅' 테마에 해당합니다."
Chapter 02: 기업 활동,"Theme 4: 마케팅","2024.09.10","시장 세분화, 표적 시장 선정, 포지셔닝 등 'STP 전략'과 홍보 등 '마케팅 믹스(4P)' 전략 수립 과정을 묻는 문제이므로, 해당 테마에 속합니다."
Chapter 02: 기업 활동,"Theme 4: 마케팅","2024.06.18","오프라인 및 온라인 판매(유통), 심리적 가격 정책(가격), 보도자료 배포(촉진) 등 '마케팅 믹스(4P)' 전략을 묻는 문제이므로, 해당 테마에 속합니다."
Chapter 02: 기업 활동,"Theme 4: 마케팅","2023.11.04","마케팅 전략 수립 과정인 '3C 분석, STP 전략, 마케팅 믹스(4P) 전략'에 대한 종합적인 이해를 묻는 문제이므로, 해당 테마에 속합니다."
Chapter 02: 기업 활동,"Theme 4: 마케팅","2023.11.08","고객의 구매 내역을 분석하여 맞춤형 상품을 추천하는 '고객 관계 관리(CRM)' 시스템을 묻는 문제이므로, '마케팅' 테마에 해당합니다."
Chapter 02: 기업 활동,"Theme 4: 마케팅","2023.09.10","고객에게 더 비싼 상위 모델을 추천하는 '업셀링'과 관련 소모품을 함께 판매하는 '크로스 셀링' 기법을 묻고 있어 '마케팅' 테마에 해당합니다."
Chapter 02: 기업 활동,"Theme 4: 마케팅","2023.09.16","'마케팅 믹스(4P)' 요소 중 제품, 가격, 유통, 촉진의 개선 방안을 묻는 문제이므로, 해당 테마에 속합니다."
Chapter 02: 기업 활동,"Theme 4: 마케팅","2023.06.12","편의점의 해외 진출 시 제품, 유통, 촉진 등 '마케팅 믹스(4P)' 전략 수립에 대해 묻고 있으므로, 해당 테마에 속합니다."
Chapter 02: 기업 활동,"Theme 4: 마케팅","2022.09.07","'마케팅 목표 설정' 및 '실행 계획 수립' 등 NCS 직무 내용을 통해 '마케팅 관리' 활동을 묻고 있으므로 해당 테마에 속합니다."
Chapter 02: 기업 활동,"Theme 4: 마케팅","2022.09.09","경쟁 제품과 차별화되는 '포지셔닝' 전략과 기업 이미지 제고를 위한 'PR(홍보)' 활동을 묻고 있으므로, '마케팅' 테마에 해당합니다."
Chapter 02: 기업 활동,"Theme 4: 마케팅","2021.11.13","마케팅 환경 분석을 바탕으로 'STP 전략'과 '마케팅 믹스'를 수립하는 과정을 묻고 있으므로, '마케팅' 테마에 해당합니다."
Chapter 02: 기업 활동,"Theme 4: 마케팅","2021.09.07","고객 데이터를 활용하여 맞춤형 서비스를 제공하고 충성도를 높이는 '고객 관계 관리(CRM)' 기법에 대해 묻고 있으므로, 해당 테마에 속합니다."
Chapter 02: 기업 활동,"Theme 4: 마케팅","2021.06.10","'STP 전략'(세분화, 포지셔닝)과 '마케팅 믹스'(촉진, 가격)를 결합하여 분석하는 문제이므로, '마케팅' 테마에 해당합니다."
Chapter 02: 기업 활동,"Theme 4: 마케팅","2021.06.13","기업의 사회봉사 활동, 기부 사례 등을 언론에 보도하여 기업의 긍정적 평판을 구축하는 '홍보(PR)' 활동에 대해 묻고 있으므로, 마케팅의 '촉진' 전략에 해당합니다."
Chapter 03: 금융의 기능과 종류,"Theme 1: 금융 시장의 종류와 한국은행","2026.06.12","물가 안정을 위한 한국은행의 기준금리 조정 및 '공개 시장 운영' 수단(통화안정증권 발행)을 묻고 있으므로, '한국은행의 통화 정책'을 다루는 테마에 해당합니다."
Chapter 03: 금융의 기능과 종류,"Theme 1: 금융 시장의 종류와 한국은행","2025.11.09","한국은행의 주요 업무인 '지급 결제 제도 운영'과 통화 정책 수단인 '일중 당좌 대출'에 대해 묻고 있으므로, 해당 테마에 속합니다."
Chapter 03: 금융의 기능과 종류,"Theme 1: 금융 시장의 종류와 한국은행","2025.09.01","시중 은행이 한국은행에 예금의 일정 비율을 의무적으로 예치하는 '지급 준비 제도'에 대해 묻고 있으므로, '한국은행의 통화 정책 수단'을 다루는 테마에 해당합니다."
Chapter 03: 금융의 기능과 종류,"Theme 1: 금융 시장의 종류와 한국은행","2025.09.04","시중 화폐량 증가(인플레이션) 상황에서 한국은행이 시행할 수 있는 '공개 시장 운영' 정책(국채 매각, 통화안정증권 발행)을 묻고 있으므로, '한국은행의 통화 정책'을 다루는 테마에 해당합니다."
Chapter 03: 금융의 기능과 종류,"Theme 1: 금융 시장의 종류와 한국은행","2025.06.15","물가 안정을 위해 긴축적인 통화 정책(RP 매각, 통화안정계정 예치 확대)을 시행하는 사례를 통해 한국은행의 '통화 정책'을 묻고 있으므로, 해당 테마에 속합니다."
Chapter 03: 금융의 기능과 종류,"Theme 1: 금융 시장의 종류와 한국은행","2024.11.14","한국은행이 시중 유동성 조절을 위해 발행하는 '통화안정증권'은 '공개 시장 운영' 수단 중 하나이므로, '한국은행의 통화 정책'을 다루는 테마에 해당합니다."
Chapter 03: 금융의 기능과 종류,"Theme 1: 금융 시장의 종류와 한국은행","2024.09.18","한국과 미국의 '기준금리' 변동에 따른 경제 현상(대출금리, 물가, 투자, 자금 이동)을 묻는 문제이므로, '한국은행의 통화 정책'을 다루는 테마에 해당합니다."
Chapter 03: 금융의 기능과 종류,"Theme 1: 금융 시장의 종류와 한국은행","2023.11.14","'간접 금융 시장'과 '직접 금융 시장'의 개념을 구분하고, 한국은행이 시행하는 '환매조건부증권(RP) 매매'가 간접 금융 시장에서 이루어지는 통화 정책임을 묻고 있으므로, '금융 시장의 종류와 한국은행' 테마에 해당합니다."
Chapter 03: 금융의 기능과 종류,"Theme 1: 금융 시장의 종류와 한국은행","2023.06.19","시중 통화량 증가(물가 상승) 상황에서 한국은행이 취할 수 있는 긴축 통화 정책(국채 매각, 지급준비율 인상)을 묻는 문제이므로, '한국은행의 통화 정책'을 다루는 테마에 해당합니다."
Chapter 03: 금융의 기능과 종류,"Theme 1: 금융 시장의 종류와 한국은행","2022.06.03","시중 통화량 조절을 위해 한국은행이 활용하는 '지급 준비 제도'에 대해 묻고 있으므로, '한국은행의 통화 정책' 테마에 해당합니다."
Chapter 03: 금융의 기능과 종류,"Theme 1: 금융 시장의 종류와 한국은행","2021.11.16","경기 침체 시 한국은행이 시중에 유동성을 공급하기 위해 사용하는 '공개 시장 운영'(통화안정증권 매입) 정책을 묻고 있으므로, '한국은행의 통화 정책'을 다루는 테마에 해당합니다."
Chapter 03: 금융의 기능과 종류,"Theme 1: 금융 시장의 종류와 한국은행","2021.09.08","한국은행이 '물가 안정 목표' 달성을 위해 소비자물가 상승률에 따라 통화 신용 정책을 운영하는 사례를 묻고 있으므로, '한국은행의 통화 정책' 테마에 해당합니다."
Chapter 03: 금융의 기능과 종류,"Theme 1: 금융 시장의 종류와 한국은행","2021.06.08","경기 위기 극복을 위해 한국은행이 유동성을 공급하는 '양적 완화' 정책 사례를 통해 동일한 효과를 내는 통화 정책(지급준비율 인하, 통화안정증권 매입)을 묻고 있으므로, '한국은행의 통화 정책'을 다루는 테마에 해당합니다."
Chapter 03: 금융의 기능과 종류,"Theme 2: 은행 업무와 보험 업무","2026.06.03","국민건강보험, 국민연금 등 국가가 운영하는 '사회 보험(공영 보험)'의 특징을 묻고 있으므로, '보험의 종류'를 다루는 테마에 해당합니다."
Chapter 03: 금융의 기능과 종류,"Theme 2: 은행 업무와 보험 업무","2026.06.18","생명 보험과 보증 보험 사례에서 보험 계약자, 피보험자, 보험 수익자 등 '보험 관련 당사자'의 역할과 의무를 묻고 있으므로, '보험 업무' 테마에 해당합니다."
Chapter 03: 금융의 기능과 종류,"Theme 2: 은행 업무와 보험 업무","2025.09.12","예금, 주식, 채권 등 다양한 금융 상품의 특징과 '예금자 보호 제도'의 적용 여부를 묻고 있으므로, '은행 및 보험 업무' 테마에 해당합니다."
Chapter 03: 금융의 기능과 종류,"Theme 2: 은행 업무와 보험 업무","2025.06.03","화재 보험 사례를 통해 일부 보험, 피보험자, 보험 계약자, 보험 금액 등 '보험'의 기본 개념을 묻고 있으므로, 해당 테마에 속합니다."
Chapter 03: 금융의 기능과 종류,"Theme 2: 은행 업무와 보험 업무","2024.11.01","은행이 지방세(재산세) 납부를 대행해주는 '수납 대리 업무'에 대해 묻고 있으므로, '일반 은행 업무'를 다루는 테마에 해당합니다."
Chapter 03: 금융의 기능과 종류,"Theme 2: 은행 업무와 보험 업무","2024.06.05","'예금자보호법'에 의해 보호받는 금융 상품(정기예금, 저축예금)과 보호받지 못하는 금융 상품(금융채, 우체국예금)을 구분하여 보호 한도액을 계산하는 문제이므로, '은행 업무'를 다루는 테마에 해당합니다."
Chapter 03: 금융의 기능과 종류,"Theme 2: 은행 업무와 보험 업무","2024.06.15","화재 보험 사례를 통해 손해보험, 보험수익자, 고지의무, 비례보상 등 '보험' 관련 용어와 원칙을 묻는 문제이므로, 해당 테마에 속합니다."
Chapter 03: 금융의 기능과 종류,"Theme 2: 은행 업무와 보험 업무","2023.11.05","손해보험 사례(선박보험, 화재보험)를 통해 분손, 신협회적화약관, 비례보상 원칙, 피보험이익 등 '보험'의 세부 내용을 묻는 문제이므로, 해당 테마에 속합니다."
Chapter 03: 금융의 기능과 종류,"Theme 2: 은행 업무와 보험 업무","2023.09.11","은행이 수행하는 업무 중 '보험 상품 판매 대행(방카슈랑스)', '유가증권 보관(보호예수)', '자산 관리(신탁)' 업무를 구분하는 문제이므로, '일반 은행 업무'를 다루는 테마에 해당합니다."
Chapter 03: 금융의 기능과 종류,"Theme 2: 은행 업무와 보험 업무","2023.06.03","해외 경제 협력 및 투자에 필요한 금융을 제공하는 '특수 은행'인 '한국수출입은행'에 대해 묻고 있으므로, '특수 은행'을 다루는 테마에 해당합니다."
Chapter 03: 금융의 기능과 종류,"Theme 2: 은행 업무와 보험 업무","2023.06.04","손해보험, 전부보험, 일부보험, 보험자, 보험계약자 등 '보험'의 종류와 관련 용어를 묻는 문제이므로, 해당 테마에 속합니다."
Chapter 03: 금융의 기능과 종류,"Theme 2: 은행 업무와 보험 업무","2022.11.07","직원의 불법 행위로 인한 회사의 손해를 보상하는 '신원 보증 보험'의 계약 당사자와 특징을 묻고 있으므로, '보험 업무'를 다루는 테마에 해당합니다."
Chapter 03: 금융의 기능과 종류,"Theme 2: 은행 업무와 보험 업무","2022.09.05","생명 보험의 당사자인 보험자, 보험 계약자, 보험 수익자의 역할과 의무를 묻는 문제이므로, '보험 업무'를 다루는 테마에 해당합니다."
Chapter 03: 금융의 기능과 종류,"Theme 2: 은행 업무와 보험 업무","2022.09.18","입출금이 자유로운 요구불예금(보통예금)과 저축성예금(정기예금, 정기적금)을 구분하는 문제로, '은행 업무'를 다루는 테마에 해당합니다."
Chapter 03: 금융의 기능과 종류,"Theme 2: 은행 업무와 보험 업무","2022.06.09","인(人)보험과 물(物)보험, 보험 당사자, 비례보상 원칙 등 '보험'의 종류와 기본 원리를 묻고 있으므로, 해당 테마에 속합니다."
Chapter 03: 금융의 기능과 종류,"Theme 2: 은행 업무와 보험 업무","2021.11.02","'사회 보험'인 고용보험과 산재보험의 공통점(사회 정책 목적, 인(人)보험)을 묻는 문제이므로, '보험'을 다루는 테마에 해당합니다."
Chapter 03: 금융의 기능과 종류,"Theme 2: 은행 업무와 보험 업무","2021.09.09","'사회 보험'인 노인장기요양보험과 고용보험의 특징을 비교하는 문제이므로, '보험'을 다루는 테마에 해당합니다."
Chapter 03: 금융의 기능과 종류,"Theme 2: 은행 업무와 보험 업무","2021.06.04","화재 보험 사례를 통해 '일부 보험'과 '비례 보상' 원칙을 적용하여 보험금을 계산하는 문제이므로, '보험'을 다루는 테마에 해당합니다."
Chapter 03: 금융의 기능과 종류,"Theme 3: 증권 업무","2026.06.11","코스닥(KOSDAQ) 시장에서 유상 증자, 자사주 매도, 주식 배당 등을 통해 자금을 조달하는 방법을 묻고 있으므로, '주식 발행 시장'을 다루는 테마에 해당합니다."
Chapter 03: 금융의 기능과 종류,"Theme 3: 증권 업무","2026.06.15","주식 유통 시장의 매매 체결 원칙('가격 우선', '시간 우선')을 적용하여 거래 결과를 분석하는 문제이므로, '주식 거래 원칙'을 다루는 테마에 해당합니다."
Chapter 03: 금융의 기능과 종류,"Theme 3: 증권 업무","2025.11.14","주식 시세표(고가, 저가, 상한가)를 분석하고, 양도성예금증서(CD), 정기예금 등 여러 '증권 및 금융 상품'의 특징을 묻고 있으므로, 해당 테마에 속합니다."
Chapter 03: 금융의 기능과 종류,"Theme 3: 증권 업무","2025.09.09","신규 발행 증권이 거래되는 '발행 시장'과 이미 발행된 증권이 매매되는 '유통 시장'을 구분하는 문제이므로, '증권 시장'을 다루는 테마에 해당합니다."
Chapter 03: 금융의 기능과 종류,"Theme 3: 증권 업무","2025.09.10","자본 조달 목적으로 발행되는 '주식'과 지급 수단으로 사용되는 '가계 수표'의 특징을 비교하는 문제이므로, '주식과 채권(지급 수단과의 비교)'을 다루는 테마에 해당합니다."
Chapter 03: 금융의 기능과 종류,"Theme 3: 증권 업무","2025.06.13","자금 조달 방식 중 보통주 발행(유상증자), 회사채 발행을 통해 '자본 시장'에서 자금을 조달하는 사례를 분석하는 문제이므로, 해당 테마에 속합니다."
Chapter 03: 금융의 기능과 종류,"Theme 3: 증권 업무","2025.06.16","KOSPI, KOSDAQ 등 '주식 유통 시장'의 특징과 시가, 종가, 전일비 등 '주식 시세' 용어를 이해하는지 묻는 문제이므로, 해당 테마에 속합니다."
Chapter 03: 금융의 기능과 종류,"Theme 3: 증권 업무","2024.11.04","기업공개(IPO), 재무제표 분석, 주식 가격 분석 등 코스닥 상장 기업 입사를 위한 준비 활동을 묻고 있어 '증권 시장' 및 '증권'에 대한 이해가 필요하므로 해당 테마에 속합니다."
Chapter 03: 금융의 기능과 종류,"Theme 3: 증권 업무","2024.11.13","은행 대출, 유상증자(주식 발행), 회사채 발행 등 다양한 '자금 조달' 방법을 비교하고, 직접/간접 금융, 자기/타인 자본으로 구분하는 문제이므로, '증권 업무'에 해당합니다."
Chapter 03: 금융의 기능과 종류,"Theme 3: 증권 업무","2024.09.12","자금 조달 방식을 회사채 발행(타인자본)에서 유상증자(자기자본)로 변경하는 사례를 통해 '자본 조달' 방식을 묻고 있으므로, 해당 테마에 속합니다."
Chapter 03: 금융의 기능과 종류,"Theme 3: 증권 업무","2024.09.14","'주식 유통 시장'(코스피, 코스닥)의 지수와 주가 정보(일봉, 시가, 종가 등)를 해석하는 문제이므로, '증권 시장'을 다루는 테마에 해당합니다."
Chapter 03: 금융의 기능과 종류,"Theme 3: 증권 업무","2024.06.10","유가증권시장에서의 '주식 매매 체결 원칙'(가격 우선, 시간 우선)과 경쟁 매매 방식인 '경매매'에 대해 묻고 있으므로, '증권 시장'을 다루는 테마에 해당합니다."
Chapter 03: 금융의 기능과 종류,"Theme 3: 증권 업무","2023.11.15","장기 금융 시장에서 기업 공개(IPO)를 통해 발행되며 출자 지분을 표시하는 증권인 '보통주'의 특징을 묻고 있으므로, '주식'을 다루는 테마에 해당합니다."
Chapter 03: 금융의 기능과 종류,"Theme 3: 증권 업무","2023.09.12","유상증자, 회사채 발행, 은행 대출 등 기업의 '자금 조달' 방안을 직접/간접 금융 및 자기/타인 자본으로 구분하는 문제이므로, 해당 테마에 속합니다."
Chapter 03: 금융의 기능과 종류,"Theme 3: 증권 업무","2023.06.13","주식 매수, 회사채 매수, 공모주 청약 등 '증권 시장'(발행시장, 유통시장)에서의 투자 활동을 분석하는 문제이므로, '증권 업무' 테마에 해당합니다."
Chapter 03: 금융의 기능과 종류,"Theme 3: 증권 업무","2022.11.03","기업공개(IPO)를 통해 '발행 시장'에서 자금을 조달하는 사례를 통해 직접 금융과 자본 증권의 특징을 묻고 있으므로, '증권 시장'과 '주식'을 다루는 해당 테마에 속합니다."
Chapter 03: 금융의 기능과 종류,"Theme 3: 증권 업무","2022.11.13","'주식 시세표'의 용어(시가, 고가, 저가, 종가, 상한가)를 이해하고 분석하는 문제이므로, '주식 유통 시장'을 다루는 테마에 해당합니다."
Chapter 03: 금융의 기능과 종류,"Theme 3: 증권 업무","2022.09.12","선풍기 공장 증설을 위한 '회사채' 발행과 운영 자금 조달을 위한 '전환사채' 발행 등 채권의 종류와 특징을 묻고 있으므로, '채권'을 다루는 테마에 해당합니다."
Chapter 03: 금융의 기능과 종류,"Theme 3: 증권 업무","2022.06.05","보통예금, 정기적금, 주식, 채권 등 다양한 '금융 상품'의 특징과 비중 조절을 묻고 있으므로, 해당 테마에 속합니다."
Chapter 03: 금융의 기능과 종류,"Theme 3: 증권 업무","2022.06.15","'증권 시장'의 종류인 유가증권 시장, 코스닥 시장, K-OTC 시장의 특징을 비교하는 문제이므로, '증권 시장'을 다루는 테마에 해당합니다."
Chapter 03: 금융의 기능과 종류,"Theme 3: 증권 업무","2021.11.09","코스피 '주식 시세표'를 분석하고, 자사주 장내 처분(유통 시장), 유상증자(발행 시장) 등 '증권 시장'을 통한 자금 조달 방법을 묻고 있으므로, 해당 테마에 속합니다."
Chapter 03: 금융의 기능과 종류,"Theme 3: 증권 업무","2021.09.03","'유통 시장'(코스닥)과 '발행 시장'에서 자금을 조달하는 사례를 통해 각 증권 시장의 특징을 묻고 있으므로, '증권 시장'을 다루는 테마에 해당합니다."
Chapter 03: 금융의 기능과 종류,"Theme 3: 증권 업무","2021.06.06","코스피, 코스닥 등 '주식 유통 시장'의 주가 정보를 해석하는 문제이므로, '증권 시장'을 다루는 테마에 해당합니다."
Chapter 03: 금융의 기능과 종류,"Theme 4: 국제 금융과 환율","2026.06.07","원/달러, 원/엔 환율 변동 그래프를 분석하고, '환율 변동'이 수출 상품의 가격 경쟁력과 환전액에 미치는 영향을 묻고 있으므로, 해당 테마에 속합니다."
Chapter 03: 금융의 기능과 종류,"Theme 4: 국제 금융과 환율","2025.11.13","국제수지표 항목 중 무상 이전, 비생산·비금융자산의 취득 및 처분 등을 기록하는 '자본 수지'에 대해 묻고 있으므로, '국제 수지'를 다루는 테마에 해당합니다."
Chapter 03: 금융의 기능과 종류,"Theme 4: 국제 금융과 환율","2025.09.05","외환 시장의 수요·공급 곡선 이동에 따른 '환율 변동'의 원인과 그 경제적 영향(수출입, 외채 상환 부담)을 묻고 있으므로, 해당 테마에 속합니다."
Chapter 03: 금융의 기능과 종류,"Theme 4: 국제 금융과 환율","2025.09.20","주어진 자료를 바탕으로 '국제 수지표'의 경상수지, 자본수지, 금융계정 항목별 월간 변동액을 계산하고 분석하는 문제이므로, 해당 테마에 속합니다."
Chapter 03: 금융의 기능과 종류,"Theme 4: 국제 금융과 환율","2025.06.14","미 달러화 대비 각국 통화 가치 변동률을 통해 '환율 변동'을 유발하는 요인(수입액, 해외 투자, 경비 지출 등)을 묻고 있으므로, 해당 테마에 속합니다."
Chapter 03: 금융의 기능과 종류,"Theme 4: 국제 금융과 환율","2024.11.10","미 달러화의 수요와 공급 변화에 따른 '환율 변동'의 원인을 묻는 문제이므로, '환율'을 다루는 테마에 해당합니다."
Chapter 03: 금융의 기능과 종류,"Theme 4: 국제 금융과 환율","2024.11.17","주어진 대외 거래 내역을 '국제 수지표'의 상품수지, 본원소득수지, 서비스수지, 자본수지 항목에 반영하여 분석하는 문제이므로, 해당 테마에 속합니다."
Chapter 03: 금융의 기능과 종류,"Theme 4: 국제 금융과 환율","2024.06.16","'국제 수지'의 구성 요소인 상품수지, 서비스수지, 본원소득수지, 이전소득수지, 자본수지 등의 거래 사례를 구분하는 문제이므로, 해당 테마에 속합니다."
Chapter 03: 금융의 기능과 종류,"Theme 4: 국제 금융과 환율","2024.06.17","'환율'의 종류인 현찰 매매율, 송금 환율 등 대고객 환율을 적용하여 환전 및 송금 금액을 계산하는 문제이므로, '환율'을 다루는 테마에 해당합니다."
Chapter 03: 금융의 기능과 종류,"Theme 4: 국제 금융과 환율","2023.11.18","주어진 거래 내역을 '국제수지표'의 경상수지(상품수지, 본원소득수지, 이전소득수지, 서비스수지) 항목으로 분류하고 계산하는 문제이므로, 해당 테마에 속합니다."
Chapter 03: 금융의 기능과 종류,"Theme 4: 국제 금융과 환율","2023.11.20","환율 상승 및 하락의 원인을 파악하고, '환율 변동'에 따른 합리적인 의사결정(자산 매각 시점, 수입 대금 결제 방식 등)을 묻고 있으므로, 해당 테마에 속합니다."
Chapter 03: 금융의 기능과 종류,"Theme 4: 국제 금융과 환율","2023.09.14","상반기 국제수지에 하반기 대외 거래 내역(자본수지, 본원소득수지, 서비스수지 등)을 반영하여 '국제 수지'의 변화를 분석하는 문제이므로, 해당 테마에 속합니다."
Chapter 03: 금융의 기능과 종류,"Theme 4: 국제 금융과 환율","2023.06.08","'환율 변동' 상황에 따라 수출업자가 환차익을 얻기 위해 유리한 대금 결제 방식(D/P, D/A)을 선택하는 것을 묻고 있으므로, '환율' 테마에 해당합니다."
Chapter 03: 금융의 기능과 종류,"Theme 4: 국제 금융과 환율","2023.06.20","1월 국제수지에 2월의 거래 내역을 반영하여 누계 '국제 수지'를 분석하는 문제이므로, 해당 테마에 속합니다."
Chapter 03: 금융의 기능과 종류,"Theme 4: 국제 금융과 환율","2022.06.08","해외 송금, 급여 수령 등의 거래를 '국제수지표'의 이전소득수지, 본원소득수지 항목에 반영하여 분석하는 문제이므로, 해당 테마에 속합니다."
Chapter 03: 금융의 기능과 종류,"Theme 4: 국제 금융과 환율","2022.06.13","해외 투자 확대로 인한 원화 가치 하락(환율 상승) 상황에서 수입업체의 합리적 대응 방안을 묻고 있으므로, '환율 변동의 영향'을 다루는 테마에 해당합니다."
Chapter 03: 금융의 기능과 종류,"Theme 4: 국제 금융과 환율","2022.09.08","외환 수급 변화에 따른 '환율 변동'을 예측하고, 이에 따른 유리한 자금 집행(외채 상환, 대금 지급 등) 시점을 결정하는 문제이므로, 해당 테마에 속합니다."
Chapter 03: 금융의 기능과 종류,"Theme 4: 국제 금융과 환율","2022.09.13","주어진 거래 내역을 '국제수지'의 경상수지 항목(상품, 서비스, 본원소득, 이전소득)으로 구분하고 누계를 계산하는 문제이므로, 해당 테마에 속합니다."
Chapter 03: 금융의 기능과 종류,"Theme 4: 국제 금융과 환율","2021.11.10","주어진 거래 내역을 '국제수지표'에 반영하여 경상수지 및 각 항목의 변화를 분석하는 문제이므로, 해당 테마에 속합니다."
Chapter 03: 금융의 기능과 종류,"Theme 4: 국제 금융과 환율","2021.11.15","환율 하락이 예상될 때 외화예금 인출, 외화 채무 상환 등의 의사결정을 묻는 문제이므로, '환율 변동'에 따른 영향을 다루는 테마에 해당합니다."
Chapter 03: 금융의 기능과 종류,"Theme 4: 국제 금융과 환율","2021.09.11","원화 가치 하락(환율 상승) 추세 속에서 외화 채무 상환, 해외 연수 등 경영 활동의 시점을 조절하는 의사결정 문제이므로, '환율' 테마에 해당합니다."
Chapter 03: 금융의 기능과 종류,"Theme 4: 국제 금융과 환율","2021.09.18","주어진 대외 거래 내역을 '국제수지'의 각 항목(상품, 서비스, 본원소득, 이전소득, 자본)에 반영하여 분석하는 문제이므로, 해당 테마에 속합니다."
Chapter 03: 금융의 기능과 종류,"Theme 4: 국제 금융과 환율","2021.06.09","원/달러, 원/엔 '환율'의 변동 추이를 분석하고, 외채 상환, 대금 지급, 수출 시 선물환 계약 등 합리적인 대응 방안을 묻고 있으므로, 해당 테마에 속합니다."
Chapter 03: 금융의 기능과 종류,"Theme 4: 국제 금융과 환율","2021.06.18","연도별 '국제수지표'를 비교하여 경상수지 및 각 항목(서비스, 이전소득, 본원소득, 자본)의 변화를 분석하는 문제이므로, 해당 테마에 속합니다."
Chapter 04: 무역 활동,"Theme 1: 물류 관리","2026.06.02","항공기, 화물선, 기차 등 '운송 수단'의 특징(속도, 적재용량, 기후 영향)을 비교 분석하는 문제이므로, '운송'을 다루는 테마에 해당합니다."
Chapter 04: 무역 활동,"Theme 1: 물류 관리","2025.11.01","기업 내 생산, 물류, 회계, 영업 등을 통합적으로 연계·관리하는 '전사적 자원 관리(ERP)' 시스템에 대해 묻고 있으므로, '물류 정보 시스템'을 다루는 테마에 해당합니다."
Chapter 04: 무역 활동,"Theme 1: 물류 관리","2025.11.03","고객의 집까지 상품을 배송해주는 문전 운송 등 '육상 운송(자동차 운송)'의 특징을 묻고 있으므로, '운송'을 다루는 테마에 해당합니다."
Chapter 04: 무역 활동,"Theme 1: 물류 관리","2025.09.14","물류 정보화 기술 중 전자 태그와 무선 주파수를 이용하여 상품 정보를 식별하는 'RFID' 기술의 도입에 대해 묻고 있으므로, '물류 정보 시스템'을 다루는 테마에 해당합니다."
Chapter 04: 무역 활동,"Theme 1: 물류 관리","2025.09.18","'해상 운송'의 종류 중 선박만 빌리고 운항에 필요한 모든 비용은 용선자가 부담하는 '나용선' 계약에 대해 묻고 있으므로, '해상 운송'을 다루는 테마에 해당합니다."
Chapter 04: 무역 활동,"Theme 1: 물류 관리","2024.11.09","화물의 목적지까지 직접 운송이 가능한 '문전 운송' 서비스에 대해 묻고 있으며, 이는 '자동차 운송'의 주요 특징이므로, '운송'을 다루는 테마에 해당합니다."
Chapter 04: 무역 활동,"Theme 1: 물류 관리","2024.09.06","원재료 구매부터 생산, 유통, 판매까지 전체 공급 과정을 통합 관리하는 '공급 사슬 관리(SCM)' 시스템에 대해 묻고 있으므로, '물류 정보 시스템'을 다루는 테마에 해당합니다."
Chapter 04: 무역 활동,"Theme 1: 물류 관리","2024.06.08","'운송 수단'인 트럭(가)과 화물선(나)의 특징(일관 운송, 대량 운송, 운임, 하역 비용)을 비교 분석하는 문제이므로, '운송'을 다루는 테마에 해당합니다."
Chapter 04: 무역 활동,"Theme 1: 물류 관리","2024.06.09","표준화된 전자 문서를 네트워크로 교환하여 무역 업무를 처리하는 '전자 문서 교환(EDI)' 시스템에 대해 묻고 있으므로, '물류 정보 시스템'을 다루는 테마에 해당합니다."
Chapter 04: 무역 활동,"Theme 1: 물류 관리","2023.09.18","전자 태그와 전파를 이용해 비접촉식으로 정보를 식별하는 '무선주파수식별(RFID)' 기술에 대해 묻고 있으므로, '물류 정보 기술'을 다루는 테마에 해당합니다."
Chapter 04: 무역 활동,"Theme 1: 물류 관리","2023.06.16","복수의 화물을 하나의 단위로 만들어 하역의 기계화를 가능하게 하는 '유닛 로드 시스템(ULS)'에 대해 묻고 있으므로, '물류 정보 시스템'을 다루는 테마에 해당합니다."
Chapter 04: 무역 활동,"Theme 1: 물류 관리","2022.11.14","GPS 기술을 통해 차량 위치를 실시간으로 추적·관리하는 '첨단 화물 운송(CVO)' 시스템에 대해 묻고 있으므로, '물류 정보 시스템'을 다루는 테마에 해당합니다."
Chapter 04: 무역 활동,"Theme 1: 물류 관리","2022.09.03","무선 주파수로 전자 태그가 내장된 상품을 식별하는 'RFID' 기술을 묻고 있으므로, '물류 정보 시스템'을 다루는 테마에 해당합니다."
Chapter 04: 무역 활동,"Theme 1: 물류 관리","2022.06.17","화물을 일정한 표준 단위로 만들어 기계적으로 운송하는 '유닛 로드 시스템(ULS)'에 대해 묻고 있으므로, '물류 정보 시스템'을 다루는 테마에 해당합니다."
Chapter 04: 무역 활동,"Theme 1: 물류 관리","2021.11.06","차량의 실시간 위치 추적 등을 통해 물류 업무 효율성을 높이는 '첨단 화물 운송 시스템(CVO)'을 묻는 문제이므로, '물류 정보 시스템'을 다루는 테마에 해당합니다."
Chapter 04: 무역 활동,"Theme 1: 물류 관리","2021.11.12","철도 운송과 자동차 운송의 특징을 비교하며, 운송 수단 간 환적에 대해 묻고 있으므로 '운송'을 다루는 테마에 해당합니다."
Chapter 04: 무역 활동,"Theme 1: 물류 관리","2021.09.06","전자 태그를 비접촉으로 읽어 상품 정보를 파악하는 '무선 주파수 식별(RFID)' 기술을 묻고 있으므로, '물류 정보 시스템'을 다루는 테마에 해당합니다."
Chapter 04: 무역 활동,"Theme 2: 무역의 이해","2025.11.19","리카도의 '비교 생산비설(비교 우위)'에 따라 양국의 특화 상품과 기회비용을 계산하는 문제이므로, '무역 이론'을 다루는 테마에 해당합니다."
Chapter 04: 무역 활동,"Theme 2: 무역의 이해","2025.11.20","환거래 없이 물품을 1:1로 교환하는 '물물교환' 무역 형태에 대해 묻고 있으므로, '무역의 분류'를 다루는 테마에 해당합니다."
Chapter 04: 무역 활동,"Theme 2: 무역의 이해","2025.09.11","제3자가 개입하는 간접 무역의 종류인 '중개 무역', '통과 무역', '중계 무역'의 사례를 구분하는 문제이므로, '무역의 분류'를 다루는 테마에 해당합니다."
Chapter 04: 무역 활동,"Theme 2: 무역의 이해","2025.06.07","상품을 수입하여 가공 없이 그대로 제3국에 재수출하는 '중계 무역'의 사례를 묻고 있으므로, '무역의 분류'를 다루는 테마에 해당합니다."
Chapter 04: 무역 활동,"Theme 2: 무역의 이해","2024.11.16","'비교생산비설'에 따라 양국의 특화 상품과 기회비용을 계산하고 무역 이익을 분석하는 문제이므로, '무역 이론'을 다루는 테마에 해당합니다."
Chapter 04: 무역 활동,"Theme 2: 무역의 이해","2024.09.07","무역의 종류 중 수입하여 원형 그대로 재수출하는 '중계 무역'과 거래를 알선하고 수수료를 받는 '중개 무역'을 구분하는 문제이므로, 해당 테마에 속합니다."
Chapter 04: 무역 활동,"Theme 2: 무역의 이해","2024.06.19","환거래 없이 물품을 교환하는 '물물교환'과 수출에 대응하여 수입하는 '제품 환매' 등 '연계 무역'의 공통점을 묻는 문제이므로, '수출입 균형 및 연계에 따른 분류'를 다루는 테마에 해당합니다."
Chapter 04: 무역 활동,"Theme 2: 무역의 이해","2023.11.09","기술 수출에 대응하여 생산품을 수입하는 '제품 환매'와 수입 후 가공 없이 재수출하는 '중계 무역'의 사례를 묻는 문제이므로, '무역의 종류'를 다루는 테마에 해당합니다."
Chapter 04: 무역 활동,"Theme 2: 무역의 이해","2023.09.04","수출액의 일정 비율만큼 대응 수입하는 의무를 가지며 별도의 계약서를 작성하는 '대응 구매' 방식에 대해 묻고 있으므로, '연계 무역'을 다루는 테마에 해당합니다."
Chapter 04: 무역 활동,"Theme 2: 무역의 이해","2023.06.09","수입한 물품을 보세구역 등에서 국내 반입 없이 원형 그대로 수출하여 매매 차익을 얻는 '중계 무역'에 대해 묻고 있으므로, '무역의 분류'를 다루는 테마에 해당합니다."
Chapter 04: 무역 활동,"Theme 2: 무역의 이해","2022.11.08","디자인부터 제조까지 담당하여 주문자 상표를 붙여 수출하는 'ODM 방식 수출'에 대해 묻고 있으므로, '무역의 종류'를 다루는 테마에 해당합니다."
Chapter 04: 무역 활동,"Theme 2: 무역의 이해","2022.09.17","생산비가 절대적으로 적게 드는 재화를 특화 생산하는 '절대우위설'과 기회비용이 적은 재화를 특화 생산하는 '비교우위설'을 비교하는 문제이므로, '무역 이론'을 다루는 테마에 해당합니다."
Chapter 04: 무역 활동,"Theme 2: 무역의 이해","2022.09.19","수입한 상품을 가공하지 않고 원형 그대로 제3국에 수출하여 차액을 얻는 '중계 무역'에 대해 묻고 있으므로, '무역의 종류'를 다루는 테마에 해당합니다."
Chapter 04: 무역 활동,"Theme 2: 무역의 이해","2021.11.03","주문자가 지정한 상표를 부착하여 수출하는 'OEM 방식'에 대해 묻고 있으므로, '무역의 종류'를 다루는 테마에 해당합니다."
Chapter 04: 무역 활동,"Theme 2: 무역의 이해","2021.11.18","'중개 무역'(제3자 알선), '구상 무역'(하나의 계약서), '대응 구매'(별도 계약서) 등 다양한 무역의 종류를 구분하는 문제이므로, '무역의 분류'를 다루는 테마에 해당합니다."
Chapter 04: 무역 활동,"Theme 2: 무역의 이해","2021.09.15","수입 후 원형 그대로 수출하는 '중계 무역'과 부품을 수출하여 현지에서 조립·판매하는 '녹다운 수출'의 특징을 비교하는 문제이므로, '무역의 종류'를 다루는 테마에 해당합니다."
Chapter 04: 무역 활동,"Theme 2: 무역의 이해","2021.06.05","수출입 균형을 지향하는 '연계 무역'과 '삼각 무역'의 공통적인 목적을 묻는 문제이므로, '무역의 분류'를 다루는 테마에 해당합니다."
Chapter 04: 무역 활동,"Theme 3: 무역의 계약 조건","2026.06.19","무역의 가격 조건(인코텀스)이 FOB에서 CIF로 변경됨에 따라 비용 이전 분기점, 피보험자 등의 변화를 묻고 있으므로, '가격 조건' 및 '보험 조건'을 다루는 테마에 해당합니다."
Chapter 04: 무역 활동,"Theme 3: 무역의 계약 조건","2025.11.10","환율 변동 추이를 고려하여 수출 대금 회수 시 유리한 '대금 지급 시기별 결제 방식'(선지급, 동시지급, 후지급)을 선택하는 문제이므로, '결제 조건'을 다루는 테마에 해당합니다."
Chapter 04: 무역 활동,"Theme 3: 무역의 계약 조건","2025.11.18","무역의 '가격 조건'(인코텀스)이 FAS에서 FOB로 변경될 때, 본선 적재 비용 및 운송 계약 주체의 변화를 묻고 있으므로, 해당 테마에 속합니다."
Chapter 04: 무역 활동,"Theme 3: 무역의 계약 조건","2025.09.17","수출입 계약서의 '가격 조건'(FOB, CIF), '품질 조건'(FAQ), '결제 조건'(D/P, D/A), '보험 조건'(ICC) 등 다양한 무역 계약 조건을 종합적으로 이해하는지 묻는 문제이므로, 해당 테마에 해당합니다."
Chapter 04: 무역 활동,"Theme 3: 무역의 계약 조건","2024.11.15","'무역 분쟁 해결' 절차(당사자 간 해결, 제3자 개입)와 상업 조성 기관(대한상사중재원)에 대해 묻고 있으므로, 해당 테마에 속합니다."
Chapter 04: 무역 활동,"Theme 3: 무역의 계약 조건","2024.11.18","수입 계약서와 신용장의 '가격 조건'(DDP), '수량 조건'(과부족용인조항), '품질 조건'(GMQ), '결제 조건'(기한부신용장) 등 '무역 계약 조건'을 묻고 있으므로, 해당 테마에 속합니다."
Chapter 04: 무역 활동,"Theme 3: 무역의 계약 조건","2024.09.19","구매청약서와 수출계약서의 '가격 조건'(DDP→CIF), '결제 조건'(D/A→L/C), '품질 조건'(GMQ→FAQ), '수량 조건'(과부족용인조항) 등 '무역 계약 조건'의 변경 내용을 묻고 있으므로, 해당 테마에 속합니다."
Chapter 04: 무역 활동,"Theme 3: 무역의 계약 조건","2024.09.20","'보험 조건'인 신협회적화약관(ICC(C))과 피보험 이익에 대해 묻고 있으므로, 해당 테마에 속합니다."
Chapter 04: 무역 활동,"Theme 3: 무역의 계약 조건","2023.11.17","구매 청약과 반대 청약을 통해 '수량, 품질, 가격(인코텀스), 결제 조건'이 변경되는 과정을 묻고 있으므로, '무역 계약 조건' 전반을 다루는 테마에 해당합니다."
Chapter 04: 무역 활동,"Theme 3: 무역의 계약 조건","2023.09.03","무역 분쟁 발생 시 타협, 알선, 중재 등을 수행하는 상업 조성 기관(대한상사중재원)을 묻고 있으므로, '분쟁 해결 조건'을 다루는 테마에 해당합니다."
Chapter 04: 무역 활동,"Theme 3: 무역의 계약 조건","2023.09.19","DDP 가격 조건, 분할 선적, GMQ 품질 조건 등 매매 계약서에 나타난 '무역 거래 조건'을 해석하는 문제이므로, 해당 테마에 속합니다."
Chapter 04: 무역 활동,"Theme 3: 무역의 계약 조건","2023.09.20","해상보험증권의 '보험 조건'(ICC(A)), 전손, 비례보상, 피보험이익 등 보험 관련 계약 조건을 묻고 있으므로, 해당 테마에 속합니다."
Chapter 04: 무역 활동,"Theme 3: 무역의 계약 조건","2023.06.07","'가격 조건'이 FOB에서 CIF로 변경될 때, 비용 및 위험 분기점, 보험 계약 의무 등의 변화를 묻고 있으므로, '인코텀스'를 다루는 테마에 해당합니다."
Chapter 04: 무역 활동,"Theme 3: 무역의 계약 조건","2023.06.10","'수출입 절차' 중 신용조사, 청약, 반대청약, 승낙 과정을 묻고 있으며, 품질, 결제, 분쟁 해결 등 '계약 조건'을 포함하고 있으므로 해당 테마에 속합니다."
Chapter 04: 무역 활동,"Theme 3: 무역의 계약 조건","2022.09.20","수입 및 수출 계약의 '품질 조건'(FAQ), '보험 조건'(ICC), '결제 조건'(L/C, D/A), '가격 조건'(FOB, CIF)을 비교 분석하는 문제이므로, 해당 테마에 속합니다."
Chapter 04: 무역 활동,"Theme 3: 무역의 계약 조건","2022.06.20","품질(통명->FAQ), 수량(과부족용인), 가격(CIF->FOB), 결제(O/A->CWO), 보험(ICC(B)->ICC(A)) 등 다양한 '무역 계약 조건'의 변경 내용을 묻고 있으므로, 해당 테마에 속합니다."
Chapter 04: 무역 활동,"Theme 3: 무역의 계약 조건","2021.11.19","판매 청약서와 수정 청약서를 통해 '품질, 수량, 선적, 가격, 결제 조건' 등 '무역 계약 조건'의 변경 내용을 묻고 있으므로, 해당 테마에 속합니다."
Chapter 04: 무역 활동,"Theme 3: 무역의 계약 조건","2021.09.14","'가격 조건'(인코텀스 DAT)에 따라 수입자가 수행해야 할 업무를 묻는 문제이므로, '가격 조건'을 다루는 테마에 해당합니다."
Chapter 04: 무역 활동,"Theme 3: 무역의 계약 조건","2021.09.19","판매 청약서의 '품질, 가격, 보험, 결제 조건'을 지시 내용에 맞게 수정하는 문제로, '무역 계약 조건' 전반에 대한 이해가 필요합니다."
Chapter 04: 무역 활동,"Theme 3: 무역의 계약 조건","2021.06.11","'품질 결정 방법'(USQ), '선적 조건'(연월 선적), '가격 조건'(FOB), '보험 조건'(ICC(C)) 등 계약서에 나타난 다양한 '무역 계약 조건'을 묻고 있으므로, 해당 테마에 속합니다."
Chapter 04: 무역 활동,"Theme 4: 무역의 수출입 절차","2026.06.13","신용장(L/C) 방식과 추심(D/P) 방식 등 '수출입 대금 결제 방식'의 특징과 절차를 비교하는 문제이므로, 해당 테마에 속합니다."
Chapter 04: 무역 활동,"Theme 4: 무역의 수출입 절차","2025.11.08","신용장 없이 환어음을 통해 대금을 회수하는 '추심 결제 방식'의 절차와 당사자(발행인, 지급인, 수취인)를 묻고 있으므로, 해당 테마에 속합니다."
Chapter 04: 무역 활동,"Theme 4: 무역의 수출입 절차","2025.09.03","수출입 물품의 통관, 관세 부과 및 징수 업무를 담당하는 국가 기관인 '세관'에 대해 묻고 있으며, 이는 '수출입 절차'의 핵심 요소이므로 해당 테마에 속합니다."
Chapter 04: 무역 활동,"Theme 4: 무역의 수출입 절차","2025.09.19","'신용장(L/C)에 의한 대금 결제 과정'에서 각 당사자(매입 은행, 발행 은행)의 역할을 유추하는 문제이므로, 해당 테마에 속합니다."
Chapter 04: 무역 활동,"Theme 4: 무역의 수출입 절차","2025.06.19","'신용장(L/C)'의 기본 당사자(수익자, 발행 의뢰인)와 은행(발행 은행, 매입 은행)의 역할을 묻는 문제이므로, 해당 테마에 속합니다."
Chapter 04: 무역 활동,"Theme 4: 무역의 수출입 절차","2024.09.09","추심 결제(D/P)와 기한부 신용장(Usance L/C) 등 '수출입 대금 결제 방식'과 당사자의 역할을 묻는 문제이므로, 해당 테마에 속합니다."
Chapter 04: 무역 활동,"Theme 4: 무역의 수출입 절차","2023.11.10","'추심 결제'와 '신용장 결제' 방식에서 각 은행(추심의뢰은행, 통지은행, 매입은행)의 역할을 파악하는 문제이므로, '수출입 대금 결제 방식'을 다루는 테마에 해당합니다."
Chapter 04: 무역 활동,"Theme 4: 무역의 수출입 절차","2022.11.12","환율 변동 상황에서 유리한 '무역 대금 결제 방식'(신용장)을 선택하는 문제이므로, 해당 테마에 속합니다."
Chapter 04: 무역 활동,"Theme 4: 무역의 수출입 절차","2022.06.18","송금 결제, 추심 결제(D/P, D/A), 신용장 결제(At sight L/C, Usance L/C) 등 '수출입 대금 결제 방식'의 비중 변화를 분석하는 문제이므로, 해당 테마에 속합니다."
Chapter 04: 무역 활동,"Theme 4: 무역의 수출입 절차","2021.11.20","수정 청약서의 결제 조건이 추심 방식(D/P)으로 변경됨에 따라 수출업자와 수입업자가 수행해야 할 업무를 묻고 있으므로, '추심 결제 방식'을 다루는 테마에 해당합니다."
Chapter 04: 무역 활동,"Theme 4: 무역의 수출입 절차","2021.06.12","'결제 조건'이 일람불 신용장(At Sight L/C)으로 명시되어 있어, 신용장 발행 요청, 대금 지급, 서류 인도 등 '신용장 결제 방식'에 따른 업무를 묻고 있으므로, 해당 테마에 속합니다."
Chapter 04: 무역 활동,"Theme 5: 세계 경제 환경","2026.06.06","기업의 '해외 시장 진출 전략' 중 시설을 건설(Build)하고, 일정 기간 운영(Operate)한 후 소유권을 이전(Transfer)하는 'BOT 방식'에 대해 묻고 있으므로, 해당 테마에 속합니다."
Chapter 04: 무역 활동,"Theme 5: 세계 경제 환경","2026.06.20","FTA, 관세 동맹, 공동 시장 등 '경제 통합'의 단계별 특징을 묻는 문제이므로, 해당 테마에 속합니다."
Chapter 04: 무역 활동,"Theme 5: 세계 경제 환경","2025.09.15","FTA(자유 무역 협정) 체결에 따른 무역 창출 효과 등 '경제 통합'의 영향을 묻는 문제이므로, 해당 테마에 속합니다."
Chapter 04: 무역 활동,"Theme 5: 세계 경제 환경","2025.06.12","기업이 경영에 직접 참여할 목적으로 해외에 현지 법인을 설립하는 '해외 직접 투자(FDI)' 방식에 대해 묻고 있으므로, '해외 시장 진출 전략'을 다루는 테마에 해당합니다."
Chapter 04: 무역 활동,"Theme 5: 세계 경제 환경","2025.06.20","자유 무역 협정(FTA)과 공동 시장 등 '경제 통합'의 형태와 그에 따른 관세 변화 및 가격 조건(DDP, DAP)을 연계하여 분석하는 문제이므로, 해당 테마에 해당합니다."
Chapter 04: 무역 활동,"Theme 5: 세계 경제 환경","2024.11.20","'경제 통합'(공동 시장)과 '무역 방식'(녹다운 수출)을 연계하여 무역창출효과, 자본 이동 등을 분석하는 문제이므로, 해당 테마에 속합니다."
Chapter 04: 무역 활동,"Theme 5: 세계 경제 환경","2024.09.11","대교를 건설(Build)하고, 운영(Operate)하여 수익을 낸 뒤, 소유권을 이전(Transfer)하는 'BOT 방식'에 대해 묻고 있으므로, '해외 시장 진출 전략'을 다루는 테마에 해당합니다."
Chapter 04: 무역 활동,"Theme 5: 세계 경제 환경","2024.09.15","FTA, 경제 동맹 등 '경제 통합' 단계에 따른 관세 변화와 무역 창출 효과를 분석하는 문제이므로, 해당 테마에 속합니다."
Chapter 04: 무역 활동,"Theme 5: 세계 경제 환경","2024.06.11","'경제 통합' 단계인 FTA, 공동 시장의 특징과 이에 따른 무역 전환 효과를 분석하는 문제이므로, 해당 테마에 속합니다."
Chapter 04: 무역 활동,"Theme 5: 세계 경제 환경","2024.06.12","SWOT 분석 결과를 바탕으로 자사의 약점(기술 부족)을 보완하기 위해 해외 기업에 투자하는 '선진 기술 습득형 투자'를 묻고 있으므로, '해외 투자 방식'을 다루는 테마에 해당합니다."
Chapter 04: 무역 활동,"Theme 5: 세계 경제 환경","2023.11.11","본사가 해외 가맹점에 상표 사용권, 영업 지원 등을 제공하는 '국제 프랜차이징' 방식에 대해 묻고 있으므로, '해외 시장 진출 전략'을 다루는 테마에 해당합니다."
Chapter 04: 무역 활동,"Theme 5: 세계 경제 환경","2023.09.09","'관세 동맹'이라는 경제 통합 상황 속에서 환율 변동, 생산 요소 이동, 대금 결제 방식 선택 등의 현상을 분석하는 문제이므로, 해당 테마에 속합니다."
Chapter 04: 무역 활동,"Theme 5: 세계 경제 환경","2023.06.11","생산 설비 건설 후 정상 가동 시점에 소유권을 넘겨주는 '턴키 계약' 방식에 대해 묻고 있으므로, '해외 시장 진출 전략'을 다루는 테마에 해당합니다."
Chapter 04: 무역 활동,"Theme 5: 세계 경제 환경","2023.06.15","관세 동맹, 공동 시장, 경제 동맹 등 '경제 통합 형태'별 특징을 구분하는 문제이므로, 해당 테마에 속합니다."
Chapter 04: 무역 활동,"Theme 5: 세계 경제 환경","2022.11.09","'경제 통합' 단계인 WTO 가입과 관세 동맹 발효에 따른 무역창출효과 및 특징을 묻고 있으므로, 해당 테마에 속합니다."
Chapter 04: 무역 활동,"Theme 5: 세계 경제 환경","2022.09.06","브레튼우즈 협정에 의해 설립된 국제부흥개발은행(IBRD)은 '국제 경제 기구'에 해당하므로, 해당 테마에 속합니다."
Chapter 04: 무역 활동,"Theme 5: 세계 경제 환경","2022.09.10","특허 기술 등을 해외 기업에 제공하고 로열티를 받는 '국제 라이선싱' 방식에 대해 묻고 있으므로, '해외 시장 진출 전략'을 다루는 테마에 해당합니다."
Chapter 04: 무역 활동,"Theme 5: 세계 경제 환경","2022.09.15","FTA, 관세 동맹 등 '경제 통합' 체결 전후의 수입국 변화와 무역창출/전환 효과를 분석하는 문제이므로, 해당 테마에 속합니다."
Chapter 04: 무역 활동,"Theme 5: 세계 경제 환경","2022.06.11","댐 건설 후 약정 기간 동안 운영하여 투자비를 회수하고 양도하는 'BOT 방식'은 '해외 시장 진출 전략'의 한 종류이므로, 해당 테마에 속합니다."
Chapter 04: 무역 활동,"Theme 5: 세계 경제 환경","2022.06.12","A국이 C국과 '관세 동맹'을 체결함에 따라 발생하는 무역 전환 효과를 묻고 있으므로, '경제 통합'을 다루는 테마에 해당합니다."
Chapter 04: 무역 활동,"Theme 5: 세계 경제 환경","2021.11.17","GATT와 WTO의 특징을 비교하고, 경제 통합(공동 시장)의 특징을 묻는 문제이므로, '국제 경제 기구'와 '경제 통합'을 다루는 테마에 해당합니다."
Chapter 04: 무역 활동,"Theme 5: 세계 경제 환경","2021.09.05","기업의 내부 상황(경험, 자금력)을 고려하여 가장 적합한 해외 진출 방식('국제 라이선싱')을 선택하는 문제이므로, '해외 시장 진출 전략'을 다루는 테마에 해당합니다."
Chapter 04: 무역 활동,"Theme 5: 세계 경제 환경","2021.09.16","경제 통합(FTA, 관세 동맹) 체결 전후의 상황을 비교하여 무역 창출 및 전환 효과를 분석하는 문제이므로, '경제 통합'을 다루는 테마에 해당합니다."
Chapter 04: 무역 활동,"Theme 5: 세계 경제 환경","2021.06.07","해외 가맹점에 상표 사용권, 제품 판매권 등을 제공하고 수수료를 받는 '국제 프랜차이징' 방식에 대해 묻고 있으므로, '해외 시장 진출 전략'을 다루는 테마에 해당합니다."
Chapter 04: 무역 활동,"Theme 5: 세계 경제 환경","2021.06.20","GATT, WTO 등 '세계 무역 질서'의 변화와 지역 무역 협정의 한 형태인 '자유무역협정(FTA)'에 대해 묻고 있으므로, 해당 테마에 속합니다."
